-- Insert status data
INSERT INTO status (id, name)
    VALUES
            (0, 'SUCCESS'),
            (1, 'FAILED');

-- Insert product data
INSERT INTO product (id, name, price, created_by, created_on, updated_on, updated_by)
    VALUES
            (10001, 'Test 1', 1000.00, 'abc', '2022-07-10 11:14:52', '2022-07-10 11:14:52', NULL),
            (10002, 'Test 2', 2000.00, 'abc', '2022-07-10 13:14:52', '2022-07-10 13:14:52', NULL);

-- Insert transaction data
INSERT INTO transaction (id, product_id, amount, customer_name, status_id, transaction_date, create_by, create_on, update_on, update_by)
    VALUES
            (1372, 10001, 1000.00, 'abc', 0, '2022-07-10 11:14:52', 'abc', '2022-07-10 11:14:52', '2022-07-10 11:14:52', NULL),
            (1373, 10002, 2000.00, 'abc', 0, '2022-07-11 13:14:52', 'abc', '2022-07-10 13:14:52', '2022-07-10 13:14:52', NULL),
            (1374, 10001, 1000.00, 'abc', 0, '2022-08-10 12:14:52', 'abc', '2022-07-10 12:14:52', '2022-07-10 12:14:52', NULL),
            (1375, 10002, 1000.00, 'abc', 1, '2022-08-10 13:10:52', 'abc', '2022-07-10 13:10:52', '2022-07-10 13:10:52', NULL),
            (1376, 10001, 1000.00, 'abc', 0, '2022-08-10 13:11:52', 'abc', '2022-07-10 13:11:52', '2022-07-10 13:11:52', NULL),
            (1377, 10002, 2000.00, 'abc', 0, '2022-08-12 13:14:52', 'abc', '2022-07-10 13:14:52', '2022-07-10 13:14:52', NULL),
            (1378, 10001, 1000.00, 'abc', 0, '2022-08-12 14:11:52', 'abc', '2022-07-10 14:11:52', '2022-07-10 14:11:52', NULL),
            (1379, 10002, 1000.00, 'abc', 1, '2022-09-13 11:14:52', 'abc', '2022-07-10 11:14:52', '2022-07-10 11:14:52', NULL),
            (1380, 10001, 1000.00, 'abc', 0, '2022-09-13 13:14:52', 'abc', '2022-07-10 13:14:52', '2022-07-10 13:14:52', NULL),
            (1381, 10002, 2000.00, 'abc', 0, '2022-09-14 09:11:52', 'abc', '2022-07-10 09:11:52', '2022-07-10 09:11:52', NULL),
            (1382, 10001, 1000.00, 'abc', 0, '2022-09-14 10:14:52', 'abc', '2022-07-10 10:14:52', '2022-07-10 10:14:52', NULL),
            (1383, 10002, 1000.00, 'abc', 1, '2022-08-15 13:14:52', 'abc', '2022-07-10 13:14:52', '2022-07-10 13:14:52', NULL);
